opaque_case_token,incident_class,injection_channel,injection_object_id,ordered_event_ids,tool_action,affected_resource_ids,external_effect,confidence_0_100,supporting_event_ids,start_time_utc,submit_time_utc
CASE-18718b529ae405b8,malicious,user,EVT-6fe03f3de3714981,"EVT-6fe03f3de3714981,EVT-82babbebc613874b,EVT-8ad0aecc5608eb9f,EVT-48f142cf7383e420",unknown,,unknown,80,"EVT-6fe03f3de3714981,EVT-82babbebc613874b,EVT-8ad0aecc5608eb9f,EVT-48f142cf7383e420",2026-09-12T18:20:00Z,2026-09-12T18:18:07Z
CASE-1eb8884bd161f12e,malicious,rag_corpus,DOC-6018a9e791-C1,"EVT-4c1362a2f2f8944c,EVT-5c93d7a7c496036d,EVT-afbd3dc9320a7a66,EVT-be08e07f73d66000",completed,record_14,no,85,"EVT-4c1362a2f2f8944c,EVT-5c93d7a7c496036d,EVT-afbd3dc9320a7a66,EVT-be08e07f73d66000",2026-09-12T18:20:00Z,2026-09-12T18:18:07Z
CASE-9c4e100e05272e6d,malicious,user,EVT-eb8b989486b6fe5c,"EVT-eb8b989486b6fe5c,EVT-7b160c0ce24220c9,EVT-a22ec4162eb22e5b,EVT-d17b102ec24ebbe5",completed,record_13,unknown,80,"EVT-eb8b989486b6fe5c,EVT-7b160c0ce24220c9,EVT-a22ec4162eb22e5b,EVT-d17b102ec24ebbe5",2026-09-12T18:20:00Z,2026-09-12T18:18:07Z
CASE-128947512fcc8bee,indeterminate,unknown,unknown,,unknown,,unknown,10,EVT-325e3171eccb79cc,2026-09-12T18:20:00Z,2026-09-12T18:18:07Z
CASE-1f9b770d705c4157,benign,none,,,unknown,,unknown,80,"EVT-26c89295f3e26f2b,EVT-ae6b1d008185eb13,EVT-ad558eda9943807c",2026-09-12T18:20:00Z,2026-09-12T18:18:07Z
CASE-36a2ccd998e814e8,malicious,user,EVT-bcbad56f8cfca201,"EVT-bcbad56f8cfca201,EVT-91e8cff9e131ef6d,EVT-5a23565bcedffc9a",completed,record_19,unknown,80,"EVT-bcbad56f8cfca201,EVT-91e8cff9e131ef6d,EVT-5a23565bcedffc9a",2026-09-12T18:20:00Z,2026-09-12T18:18:07Z
CASE-7f391811ef695df9,malicious,retrieved_document,DOC-ba4c813cce-C1,"EVT-f6d77abbc2c17193,EVT-6a80f86830b96b6e",none,,no,85,"EVT-f6d77abbc2c17193,EVT-6a80f86830b96b6e",2026-09-12T18:20:00Z,2026-09-12T18:18:07Z
CASE-cc4ad707b86a3153,benign,none,,,unknown,,unknown,80,"EVT-a82203c774687428,EVT-3a1a5693d7ca2c23,EVT-eee42a076e5f025c,EVT-44a224c00305af05",2026-09-12T18:20:00Z,2026-09-12T18:18:07Z
CASE-4c76002894273c0b,benign,none,,,none,,no,80,"EVT-09165d55a221ab62,EVT-228fac52a6f7566f",2026-09-12T18:20:00Z,2026-09-12T18:18:07Z
CASE-83c786578ca9ab56,malicious,retrieved_document,DOC-cf75504e4b-C1,"EVT-b6b8d90706eb7823,EVT-13d3c7b7dee84de5,EVT-203a89c21c80bb3b,EVT-5bbddfdd4b2733fc",completed,record_07,no,85,"EVT-b6b8d90706eb7823,EVT-13d3c7b7dee84de5,EVT-203a89c21c80bb3b,EVT-5bbddfdd4b2733fc",2026-09-12T18:20:00Z,2026-09-12T18:18:07Z
CASE-fd87e1493058ba66,indeterminate,unknown,unknown,,unknown,,unknown,10,EVT-8843b3f28d450cc5,2026-09-12T18:20:00Z,2026-09-12T18:18:07Z
CASE-62f64d82d90b704b,malicious,user,EVT-5ec84cd14d7bcf06,"EVT-5ec84cd14d7bcf06,EVT-ecdac9209b7677a9,EVT-e4e8d9db678ed5c5",completed,record_20,unknown,80,"EVT-5ec84cd14d7bcf06,EVT-ecdac9209b7677a9,EVT-e4e8d9db678ed5c5",2026-09-12T18:20:00Z,2026-09-12T18:18:07Z
CASE-e7c78904781d2100,malicious,rag_corpus,unknown,"EVT-893a0959d61f14bc,EVT-4aab59b1053c89f3,EVT-137c37ae83802a42",completed,record_09,no,50,"EVT-893a0959d61f14bc,EVT-4aab59b1053c89f3,EVT-137c37ae83802a42",2026-09-12T18:20:00Z,2026-09-12T18:18:07Z
CASE-9c8b00c89c87aa36,malicious,retrieved_document,DOC-ca13fdade5-C1,"EVT-d2d237909fc64f47,EVT-5e92687d211ba69f",none,,no,85,"EVT-d2d237909fc64f47,EVT-5e92687d211ba69f",2026-09-12T18:20:00Z,2026-09-12T18:18:07Z
CASE-41aa8ac6234bde6a,malicious,rag_corpus,DOC-81caa39f62-C1,"EVT-9251220bd1be9213,EVT-6b32fd245555dd82",none,,no,85,"EVT-9251220bd1be9213,EVT-6b32fd245555dd82",2026-09-12T18:20:00Z,2026-09-12T18:18:07Z
CASE-e9667ed4379c14f4,indeterminate,unknown,unknown,,unknown,,unknown,25,EVT-50c942f15869275e,2026-09-12T18:20:00Z,2026-09-12T18:18:07Z
CASE-335b65b273957375,benign,none,,,none,,no,80,"EVT-a91c64b7723c10a8,EVT-2e57a49d746290c8",2026-09-12T18:20:00Z,2026-09-12T18:18:07Z
CASE-d0f3da1b975978b7,indeterminate,unknown,unknown,,unknown,,unknown,25,"EVT-547f14f7e46f466e,EVT-e3f9f3c1b76f58bd",2026-09-12T18:20:00Z,2026-09-12T18:18:07Z
CASE-fb72fb3d7f25d68a,malicious,retrieved_document,DOC-0da619eed8-C1,"EVT-b39c7bc9cdf58071,EVT-f986c9e2c2627d5f,EVT-52ce33dafa051c5f",unknown,,unknown,70,"EVT-b39c7bc9cdf58071,EVT-f986c9e2c2627d5f,EVT-52ce33dafa051c5f",2026-09-12T18:20:00Z,2026-09-12T18:18:07Z
CASE-98f6539c2173fb50,malicious,user,EVT-9056f5d3fac71e5e,"EVT-9056f5d3fac71e5e,EVT-1f2e41350268d545,EVT-a15e37d586a300a2,EVT-d031192ba831465d,EVT-2df042a55401f806,EVT-29827cd589887c28,EVT-3b0b05fc86b6bd8e",completed,record_10,yes,80,"EVT-9056f5d3fac71e5e,EVT-1f2e41350268d545,EVT-a15e37d586a300a2,EVT-d031192ba831465d,EVT-2df042a55401f806,EVT-29827cd589887c28,EVT-3b0b05fc86b6bd8e",2026-09-12T18:20:00Z,2026-09-12T18:18:07Z
CASE-499a4c93bb25fc4e,malicious,user,EVT-312c1bf07a520ada,"EVT-312c1bf07a520ada,EVT-aaf6035933df0412",none,,no,80,"EVT-312c1bf07a520ada,EVT-aaf6035933df0412",2026-09-12T18:20:00Z,2026-09-12T18:18:07Z
CASE-b595a9d1d0ff91d6,malicious,user,EVT-290c0dcb0f27553a,"EVT-290c0dcb0f27553a,EVT-af799e08ddd14e03,EVT-cb8c2a93a72f1e73",unknown,,unknown,65,"EVT-290c0dcb0f27553a,EVT-af799e08ddd14e03,EVT-cb8c2a93a72f1e73",2026-09-12T18:20:00Z,2026-09-12T18:18:07Z
CASE-07c023a2c576d5c3,benign,none,,,none,,no,80,"EVT-f2623f97490494f0,EVT-b10f1d8d34ba3a3c",2026-09-12T18:20:00Z,2026-09-12T18:18:07Z
CASE-4424b9da9650e75b,malicious,user,EVT-ecf166e9ac4cc3d0,"EVT-ecf166e9ac4cc3d0,EVT-8cd4cfb5ef1fc86a,EVT-ed058af0fdd0e8e8,EVT-5508dcc4595e625d",attempted,,no,65,"EVT-ecf166e9ac4cc3d0,EVT-8cd4cfb5ef1fc86a,EVT-ed058af0fdd0e8e8,EVT-5508dcc4595e625d",2026-09-12T18:20:00Z,2026-09-12T18:18:07Z
CASE-5e98b1e0222067d2,indeterminate,unknown,unknown,,unknown,,unknown,25,EVT-1368833953f9fe85,2026-09-12T18:20:00Z,2026-09-12T18:18:07Z
CASE-aa67c93899cf3308,malicious,retrieved_document,DOC-3009f18511-C1,"EVT-4bebb48822299272,EVT-11d14db89d0e7a7a,EVT-070b8f8bef7b3fab",unknown,,unknown,70,"EVT-4bebb48822299272,EVT-11d14db89d0e7a7a,EVT-070b8f8bef7b3fab",2026-09-12T18:20:00Z,2026-09-12T18:18:07Z
CASE-0bf777aca83e91b0,malicious,user,EVT-a2172b05d45a9256,"EVT-a2172b05d45a9256,EVT-e192930ce9328288,EVT-330c2b4dca51d53b,EVT-830d11449b70135a",completed,token_21,yes,65,"EVT-a2172b05d45a9256,EVT-e192930ce9328288,EVT-330c2b4dca51d53b,EVT-830d11449b70135a",2026-09-12T18:20:00Z,2026-09-12T18:18:07Z
CASE-3acb1ad04588f58c,malicious,retrieved_document,DOC-eef21a5d01-C1,"EVT-a40f6f2823c0a5f3,EVT-ff9806b631f6e3a9,EVT-169fa61b2d15027c,EVT-a59ca25cb2994542,EVT-641168b21a41a78d",completed,,yes,85,"EVT-a40f6f2823c0a5f3,EVT-ff9806b631f6e3a9,EVT-169fa61b2d15027c,EVT-a59ca25cb2994542,EVT-641168b21a41a78d",2026-09-12T18:20:00Z,2026-09-12T18:18:07Z
CASE-f0f9ffdefcb9ceb5,malicious,tool_output,TOOL-0cf0de2d4879a546,"EVT-387149b4eb7426c0,EVT-ce4a5f88a83183f6,EVT-ff84743f83bd8f8d,EVT-d1e24835db34cbc7",completed,record_04,no,85,"EVT-037e0865a2543507,EVT-387149b4eb7426c0,EVT-ce4a5f88a83183f6,EVT-ff84743f83bd8f8d,EVT-d1e24835db34cbc7",2026-09-12T18:20:00Z,2026-09-12T18:18:07Z
CASE-0b746cf6438497f9,indeterminate,unknown,unknown,,unknown,,unknown,25,"EVT-f05514e28a51a32d,EVT-e44730ea5b9d1ca2",2026-09-12T18:20:00Z,2026-09-12T18:18:07Z
CASE-6e8c48273e401909,malicious,rag_corpus,unknown,"EVT-2afcb3f0a51cc4f2,EVT-64e11aa2d7e10ba7,EVT-2601f04bc1948cf4",completed,record_16,no,50,"EVT-2afcb3f0a51cc4f2,EVT-64e11aa2d7e10ba7,EVT-2601f04bc1948cf4",2026-09-12T18:20:00Z,2026-09-12T18:18:07Z
CASE-6b76598bcfe31992,benign,none,,,none,,no,80,"EVT-0e3c13e17d80813f,EVT-b970d3b85aac6f59",2026-09-12T18:20:00Z,2026-09-12T18:18:07Z
CASE-ebbc383822a3613c,malicious,user,EVT-482565a59c189e42,"EVT-482565a59c189e42,EVT-0046775d360ed452",none,,no,80,"EVT-482565a59c189e42,EVT-0046775d360ed452",2026-09-12T18:20:00Z,2026-09-12T18:18:07Z
CASE-c229e30adfa59987,benign,none,,,none,,no,80,"EVT-24e10e3424160652,EVT-946bd9f40f4e579b",2026-09-12T18:20:00Z,2026-09-12T18:18:07Z
CASE-27859e133d8ab2f1,malicious,retrieved_document,DOC-8e4a728b3c-C1,"EVT-b8390b30eb87418a,EVT-c300ec1effe0a351,EVT-a3b93fdc2340c47b,EVT-345d0547735abba9",completed,record_05,no,85,"EVT-b8390b30eb87418a,EVT-c300ec1effe0a351,EVT-a3b93fdc2340c47b,EVT-345d0547735abba9",2026-09-12T18:20:00Z,2026-09-12T18:18:07Z
CASE-1956a6217f5d7b4f,malicious,user,EVT-8d534804ab2728a0,"EVT-8d534804ab2728a0,EVT-4dd71d7732001cbd,EVT-7a8aca286b4f7060,EVT-c44addb154597d6c",completed,record_14,no,65,"EVT-8d534804ab2728a0,EVT-4dd71d7732001cbd,EVT-7a8aca286b4f7060,EVT-c44addb154597d6c",2026-09-12T18:20:00Z,2026-09-12T18:18:07Z
CASE-7ab09a8a80631d1c,malicious,user,EVT-e94e40c74b268507,"EVT-e94e40c74b268507,EVT-4e528b7c3b50978d",none,,no,65,"EVT-e94e40c74b268507,EVT-4e528b7c3b50978d",2026-09-12T18:20:00Z,2026-09-12T18:18:07Z
CASE-d1eacb1383a0dae4,malicious,user,EVT-3046d49e09bf0492,"EVT-3046d49e09bf0492,EVT-c1dc7cc943278662",none,,no,80,"EVT-3046d49e09bf0492,EVT-c1dc7cc943278662",2026-09-12T18:20:00Z,2026-09-12T18:18:07Z
CASE-9e04a3d444738bf2,malicious,rag_corpus,DOC-200dc1fb91-C1,"EVT-dbd85d0c0c955c7d,EVT-5f2241a24a6083a9",none,,no,85,"EVT-dbd85d0c0c955c7d,EVT-5f2241a24a6083a9",2026-09-12T18:20:00Z,2026-09-12T18:18:07Z
CASE-4bb3838a9106c990,indeterminate,unknown,unknown,,unknown,,unknown,25,EVT-d196c2913dec02e4,2026-09-12T18:20:00Z,2026-09-12T18:18:07Z
CASE-0e70e3f868312f37,malicious,user,EVT-d234bd4bff84babb,"EVT-d234bd4bff84babb,EVT-3cc18eda70a81347,EVT-1f3bfde5cacca0de",completed,record_17,unknown,80,"EVT-d234bd4bff84babb,EVT-3cc18eda70a81347,EVT-1f3bfde5cacca0de",2026-09-12T18:20:00Z,2026-09-12T18:18:07Z
CASE-df64d901ca8f4f0f,indeterminate,unknown,unknown,,unknown,,unknown,10,EVT-f9318de9696d9ddd,2026-09-12T18:20:00Z,2026-09-12T18:18:07Z
CASE-18b78e3c3b5b0970,malicious,tool_output,TOOL-88510f7d4931bb4f,"EVT-2cc00c6c09e05e31,EVT-06965496486a8ed4",completed,,no,85,"EVT-0bdb7a0f966013f9,EVT-2cc00c6c09e05e31,EVT-06965496486a8ed4",2026-09-12T18:20:00Z,2026-09-12T18:18:07Z
CASE-b2da3928da204587,malicious,user,EVT-7270f9feff9f04db,"EVT-7270f9feff9f04db,EVT-54e2597259bb678e,EVT-f38c4ba987035971,EVT-d404b69726754735",completed,record_19,no,80,"EVT-7270f9feff9f04db,EVT-54e2597259bb678e,EVT-f38c4ba987035971,EVT-d404b69726754735",2026-09-12T18:20:00Z,2026-09-12T18:18:07Z
CASE-87109116f65e63d9,malicious,retrieved_document,DOC-f816be0716-C1,"EVT-b8307869d84d8ec6,EVT-86ae67e825af0bdc,EVT-53c42858d6aed715,EVT-afbf3fe2d139585c",completed,record_21,no,85,"EVT-b8307869d84d8ec6,EVT-86ae67e825af0bdc,EVT-53c42858d6aed715,EVT-afbf3fe2d139585c",2026-09-12T18:20:00Z,2026-09-12T18:18:07Z
CASE-a94fcfd00a2d9120,benign,none,,,completed,,no,60,"EVT-726991060fc1861a,EVT-6d34ee601367eac2,EVT-8828e78f6104c3b1,EVT-bc6f86f645f86298,EVT-17c6fc67f5695653",2026-09-12T18:20:00Z,2026-09-12T18:18:07Z
CASE-8283eccb226269d1,malicious,rag_corpus,DOC-5aa3fa4a70-C1,"EVT-f20b347d3ff8c18d,EVT-82acb5fdbb88e3c0,EVT-e722b5e835ec5378",unknown,,unknown,70,"EVT-f20b347d3ff8c18d,EVT-82acb5fdbb88e3c0,EVT-e722b5e835ec5378",2026-09-12T18:20:00Z,2026-09-12T18:18:07Z
CASE-b0636ccc1eefb1fa,benign,none,,,none,,no,80,"EVT-aac944d6534c7366,EVT-1bc590c91578dc29",2026-09-12T18:20:00Z,2026-09-12T18:18:07Z
CASE-f75378abf51d2ff7,malicious,rag_corpus,unknown,EVT-ff4ebd70290e113c,none,,no,50,EVT-ff4ebd70290e113c,2026-09-12T18:20:00Z,2026-09-12T18:18:07Z
CASE-f2289475dffcb06b,malicious,rag_corpus,DOC-f5600f98a4-C1,"EVT-691e238a3d6fca78,EVT-cadacea6e5b3f1de",none,,no,85,"EVT-691e238a3d6fca78,EVT-cadacea6e5b3f1de",2026-09-12T18:20:00Z,2026-09-12T18:18:07Z
CASE-4e992f5b4a972b9c,indeterminate,unknown,unknown,,unknown,,unknown,25,EVT-eec5587665893601,2026-09-12T18:20:00Z,2026-09-12T18:18:07Z
CASE-636618f2952590de,benign,none,,,unknown,,unknown,80,"EVT-c032cfbee88667c3,EVT-d3b7cde0a63e1f19,EVT-eae9aa2e1af141f4,EVT-c4123dec98c2834d",2026-09-12T18:20:00Z,2026-09-12T18:18:07Z
CASE-46092536a09a7a89,malicious,retrieved_document,DOC-04bd45de34-C1,"EVT-d03fdd0b7e7ec918,EVT-68832cab95f60674",none,,no,85,"EVT-d03fdd0b7e7ec918,EVT-68832cab95f60674",2026-09-12T18:20:00Z,2026-09-12T18:18:07Z
CASE-b0ff74094787ed08,indeterminate,unknown,unknown,,unknown,,unknown,25,EVT-dcd379e28503b1c7,2026-09-12T18:20:00Z,2026-09-12T18:18:07Z
CASE-1a5e1f4dd98f60de,benign,none,,,unknown,,unknown,80,"EVT-c2414ebe05c1d7a4,EVT-850e86d3771832f3,EVT-62462d0dd68a5e40",2026-09-12T18:20:00Z,2026-09-12T18:18:07Z
CASE-1646646eea11a299,indeterminate,unknown,unknown,,unknown,,unknown,10,EVT-172afe9e6623aa46,2026-09-12T18:20:00Z,2026-09-12T18:18:07Z
CASE-52fca5c3918da56d,malicious,rag_corpus,DOC-3fba177a24-C1,"EVT-9a84ccd30eb9086e,EVT-a478d630e76496c6,EVT-410647a9b011d324,EVT-82e08302183b7ea6,EVT-727f5f067804344a",completed,token_07,yes,85,"EVT-9a84ccd30eb9086e,EVT-a478d630e76496c6,EVT-410647a9b011d324,EVT-82e08302183b7ea6,EVT-727f5f067804344a",2026-09-12T18:20:00Z,2026-09-12T18:18:07Z
CASE-7491ea33f6dc6b0e,indeterminate,unknown,unknown,,unknown,,unknown,10,EVT-8bfc15042aa04aac,2026-09-12T18:20:00Z,2026-09-12T18:18:07Z
CASE-64da8439753ea404,indeterminate,unknown,unknown,,unknown,,unknown,25,EVT-308c5a43a6e0277d,2026-09-12T18:20:00Z,2026-09-12T18:18:07Z
CASE-345c6c59ab665c11,indeterminate,unknown,unknown,,unknown,,unknown,10,EVT-0ea8a802d041b31b,2026-09-12T18:20:00Z,2026-09-12T18:18:07Z
CASE-1df7d9b416e3234d,malicious,user,EVT-b84defdfccd117be,"EVT-b84defdfccd117be,EVT-f5f3a09dd9ce0148",none,,no,65,"EVT-b84defdfccd117be,EVT-f5f3a09dd9ce0148",2026-09-12T18:20:00Z,2026-09-12T18:18:07Z
CASE-f996e9955210f3c7,malicious,user,EVT-ff2499f99ad302a9,"EVT-ff2499f99ad302a9,EVT-2ab88c8701706a77,EVT-7e5d9a953e79262c",unknown,,unknown,65,"EVT-ff2499f99ad302a9,EVT-2ab88c8701706a77,EVT-7e5d9a953e79262c",2026-09-12T18:20:00Z,2026-09-12T18:18:07Z
CASE-a47d61f23e1383e4,benign,none,,,completed,,no,80,"EVT-d09e3d8f5aec7a26,EVT-40847dce3f882e2a,EVT-9625c6cbe9a9abd6,EVT-48a91361b7800747",2026-09-12T18:20:00Z,2026-09-12T18:18:07Z
CASE-18b2f1a77b1e8330,malicious,user,EVT-e562bf372dedcfbe,"EVT-e562bf372dedcfbe,EVT-c954186348b56619,EVT-a736864c3a5961e8",unknown,,unknown,80,"EVT-e562bf372dedcfbe,EVT-c954186348b56619,EVT-a736864c3a5961e8",2026-09-12T18:20:00Z,2026-09-12T18:18:07Z
CASE-45f870eacd3bad9b,indeterminate,unknown,unknown,,unknown,,unknown,10,EVT-22ab322ff3f47a6d,2026-09-12T18:20:00Z,2026-09-12T18:18:07Z
CASE-83f2f1c3ed57c6c9,malicious,user,EVT-26729d9022ad8ee2,"EVT-26729d9022ad8ee2,EVT-5c43d01fb9a4bdf5",none,,no,80,"EVT-26729d9022ad8ee2,EVT-5c43d01fb9a4bdf5",2026-09-12T18:20:00Z,2026-09-12T18:18:07Z
CASE-2a400108ab3b19d9,indeterminate,unknown,unknown,,unknown,,unknown,10,EVT-a84860c422a82756,2026-09-12T18:20:00Z,2026-09-12T18:18:07Z
CASE-dcf5decef00291d7,malicious,user,EVT-eb6741f7ec46b59e,"EVT-eb6741f7ec46b59e,EVT-258de3d697101930,EVT-6c505c79c9680798",unknown,,unknown,65,"EVT-eb6741f7ec46b59e,EVT-258de3d697101930,EVT-6c505c79c9680798",2026-09-12T18:20:00Z,2026-09-12T18:18:07Z
CASE-b250270f1fb8b9e2,malicious,retrieved_document,DOC-16287c02ff-C1,"EVT-d68e414bb3ec3bb8,EVT-2a91e228beb082e9",none,,no,85,"EVT-d68e414bb3ec3bb8,EVT-2a91e228beb082e9",2026-09-12T18:20:00Z,2026-09-12T18:18:07Z
CASE-85ad5fbcbd9c2ed6,malicious,user,EVT-bc7c532e13f38203,"EVT-bc7c532e13f38203,EVT-45b142df6519bae5,EVT-04ebedbe5858c296,EVT-f8edbb49f940df68",completed,record_07,no,65,"EVT-bc7c532e13f38203,EVT-45b142df6519bae5,EVT-04ebedbe5858c296,EVT-f8edbb49f940df68",2026-09-12T18:20:00Z,2026-09-12T18:18:07Z
CASE-05ff8c4636c146a4,malicious,rag_corpus,DOC-3f1538ff72-C1,"EVT-e74a7fe3248bf6e8,EVT-3eac80d2e7ee5dc6,EVT-b363aa1d133a116f,EVT-108bb2525bf6dc67",completed,token_12,yes,85,"EVT-e74a7fe3248bf6e8,EVT-3eac80d2e7ee5dc6,EVT-b363aa1d133a116f,EVT-108bb2525bf6dc67",2026-09-12T18:20:00Z,2026-09-12T18:18:07Z
CASE-d2e9661e4c6df218,indeterminate,unknown,unknown,,unknown,,unknown,25,EVT-e9f2abae467adc0a,2026-09-12T18:20:00Z,2026-09-12T18:18:07Z
CASE-c58330885357886f,malicious,tool_output,TOOL-26c296d3302c1d99,"EVT-e821d50f83c54c98,EVT-dbf7d7f376ff5d19",completed,,no,85,"EVT-263d75df630374eb,EVT-e821d50f83c54c98,EVT-dbf7d7f376ff5d19",2026-09-12T18:20:00Z,2026-09-12T18:18:07Z
CASE-4d938b2b58a09ff9,malicious,user,EVT-20132556e3a3c3a5,"EVT-20132556e3a3c3a5,EVT-69dca700246a1e12,EVT-9b70d55b3553004a,EVT-37df7a62a834c3c3,EVT-2b14980aa3612fe7,EVT-debcb779936114a9",completed,record_18,yes,80,"EVT-20132556e3a3c3a5,EVT-69dca700246a1e12,EVT-9b70d55b3553004a,EVT-37df7a62a834c3c3,EVT-2b14980aa3612fe7,EVT-debcb779936114a9",2026-09-12T18:20:00Z,2026-09-12T18:18:07Z
CASE-8a9b3ecbd99cb9ea,malicious,user,EVT-3af1317449734fd0,"EVT-3af1317449734fd0,EVT-2391a9428f0c340b",none,,no,80,"EVT-3af1317449734fd0,EVT-2391a9428f0c340b",2026-09-12T18:20:00Z,2026-09-12T18:18:07Z
CASE-77d60d5d9e832ae0,indeterminate,unknown,unknown,,unknown,,unknown,10,EVT-bb8c548427b9a961,2026-09-12T18:20:00Z,2026-09-12T18:18:07Z
CASE-eabe1ae803e9cf7d,malicious,retrieved_document,DOC-c0b4a442bd-C1,"EVT-d341d2d238015a94,EVT-be8fad7c716a5948,EVT-083ed7256cea9d65,EVT-c607066127002a1f",completed,record_21,no,85,"EVT-d341d2d238015a94,EVT-be8fad7c716a5948,EVT-083ed7256cea9d65,EVT-c607066127002a1f",2026-09-12T18:20:00Z,2026-09-12T18:18:07Z
CASE-f794963b42e6b8a7,benign,none,,,none,,no,80,"EVT-4bbeffb6a1059b1e,EVT-2d5cda588c7ca295",2026-09-12T18:20:00Z,2026-09-12T18:18:07Z
CASE-6a021099a64b45ab,malicious,retrieved_document,unknown,"EVT-0f768c8f8f835600,EVT-e678ac5f34608ec8",unknown,,unknown,50,"EVT-0f768c8f8f835600,EVT-e678ac5f34608ec8",2026-09-12T18:20:00Z,2026-09-12T18:18:07Z
CASE-648de728d6953cf2,malicious,user,EVT-f00edea5412b0aa5,"EVT-f00edea5412b0aa5,EVT-70fe01acdbd59045,EVT-75f408825af2e441,EVT-7b1138a4f2c97d5f",completed,record_27,no,80,"EVT-f00edea5412b0aa5,EVT-70fe01acdbd59045,EVT-75f408825af2e441,EVT-7b1138a4f2c97d5f",2026-09-12T18:20:00Z,2026-09-12T18:18:07Z
CASE-658ce3212471e0b6,indeterminate,unknown,unknown,,unknown,,unknown,25,EVT-ae1bfcae567a975a,2026-09-12T18:20:00Z,2026-09-12T18:18:07Z
CASE-2c9fbeb30ccd0f48,malicious,user,EVT-93a0dd90c9905ce8,"EVT-93a0dd90c9905ce8,EVT-d51d01014c4fc1f5,EVT-f007a104ea92609c",completed,record_11,unknown,80,"EVT-93a0dd90c9905ce8,EVT-d51d01014c4fc1f5,EVT-f007a104ea92609c",2026-09-12T18:20:00Z,2026-09-12T18:18:07Z
CASE-f01b345812cc2c6c,malicious,user,EVT-5045736c00201bf1,"EVT-5045736c00201bf1,EVT-05de20a1de25d9f5,EVT-99c601456569e71d",completed,record_03,unknown,80,"EVT-5045736c00201bf1,EVT-05de20a1de25d9f5,EVT-99c601456569e71d",2026-09-12T18:20:00Z,2026-09-12T18:18:07Z
CASE-e9b49555a0e27d15,benign,none,,,unknown,,unknown,80,"EVT-f2b35e97e12801a9,EVT-6620ff3b4cd5071a,EVT-af9e0bc6525be4cb",2026-09-12T18:20:00Z,2026-09-12T18:18:07Z
CASE-cd3537e1bb996b91,indeterminate,unknown,unknown,,unknown,,unknown,10,EVT-f185b2f5056195e2,2026-09-12T18:20:00Z,2026-09-12T18:18:07Z
CASE-467d4c5fe4ee6904,malicious,retrieved_document,DOC-c254f9464f-C1,"EVT-cd5536565fdf0e46,EVT-cfc6a8cd67aded75",none,,no,85,"EVT-cd5536565fdf0e46,EVT-cfc6a8cd67aded75",2026-09-12T18:20:00Z,2026-09-12T18:18:07Z
CASE-8e825fa4cf355fcc,indeterminate,unknown,unknown,,unknown,,unknown,25,"EVT-cba7707d21c52539,EVT-ae1f26e65806a657,EVT-c301310e8035a299",2026-09-12T18:20:00Z,2026-09-12T18:18:07Z
CASE-d364ec494b06c3dc,malicious,rag_corpus,DOC-30f7de7354-C1,"EVT-2f78752199e7240d,EVT-5c6b20632a606425,EVT-c51aa1b60ab53771",unknown,,unknown,70,"EVT-2f78752199e7240d,EVT-5c6b20632a606425,EVT-c51aa1b60ab53771",2026-09-12T18:20:00Z,2026-09-12T18:18:07Z
CASE-f4f367c5d8154cc2,benign,none,,,completed,,no,80,"EVT-eb7a689aaa582b42,EVT-6e34d3e571e6e7e3,EVT-a6f278c7cc293650,EVT-b0e4e40993bd47e9,EVT-9f2098cb6f3064e8",2026-09-12T18:20:00Z,2026-09-12T18:18:07Z
CASE-439507a8d9431388,malicious,user,EVT-1b5767c6525fcadc,"EVT-1b5767c6525fcadc,EVT-89fcacbc29a3c945,EVT-e6237bf616c80f6e",completed,record_11,unknown,80,"EVT-1b5767c6525fcadc,EVT-89fcacbc29a3c945,EVT-e6237bf616c80f6e",2026-09-12T18:20:00Z,2026-09-12T18:18:07Z
CASE-8dfed45bf0772ed0,malicious,user,EVT-9e46e483e72957c2,"EVT-9e46e483e72957c2,EVT-4e635eecf27388a7",none,,no,80,"EVT-9e46e483e72957c2,EVT-4e635eecf27388a7",2026-09-12T18:20:00Z,2026-09-12T18:18:07Z
CASE-27e099c36ddde4e1,malicious,tool_output,TOOL-40ba72b20feb7641,"EVT-17f0b2f8f68a970c,EVT-181c0b6bd7dbb5bf,EVT-24181a9e183dc4bd",completed,,no,85,"EVT-d7d98b22212ed957,EVT-17f0b2f8f68a970c,EVT-181c0b6bd7dbb5bf,EVT-24181a9e183dc4bd",2026-09-12T18:20:00Z,2026-09-12T18:18:07Z
CASE-d9c9fe63d0f53634,indeterminate,unknown,unknown,,unknown,,unknown,25,EVT-59a1e05b76d9f17a,2026-09-12T18:20:00Z,2026-09-12T18:18:07Z
CASE-b214190ce6db44f0,malicious,rag_corpus,DOC-b8a52ea332-C1,"EVT-64c077dddf198a0b,EVT-188644970c795573,EVT-79ac0727c6fae3c8",unknown,,unknown,70,"EVT-64c077dddf198a0b,EVT-188644970c795573,EVT-79ac0727c6fae3c8",2026-09-12T18:20:00Z,2026-09-12T18:18:07Z
CASE-79f73bc6e8cec6ab,malicious,user,EVT-5486ba663fab6417,"EVT-5486ba663fab6417,EVT-94679f312b4ea84c,EVT-f50c3023cfe7f96a",unknown,,unknown,65,"EVT-5486ba663fab6417,EVT-94679f312b4ea84c,EVT-f50c3023cfe7f96a",2026-09-12T18:20:00Z,2026-09-12T18:18:07Z
CASE-ad2cd971a9294386,indeterminate,unknown,unknown,,unknown,,unknown,10,EVT-1350b9b60c92c1d6,2026-09-12T18:20:00Z,2026-09-12T18:18:07Z
CASE-217304da1b531a10,malicious,user,EVT-1639bd99dc2f83ca,"EVT-1639bd99dc2f83ca,EVT-d28d938e782d83c1,EVT-4d9987e476ea0fb9,EVT-92b02784bbd5fd7c,EVT-ec3cf230bbe22105,EVT-46193dcf8c5072dd",completed,record_03,no,65,"EVT-1639bd99dc2f83ca,EVT-d28d938e782d83c1,EVT-4d9987e476ea0fb9,EVT-92b02784bbd5fd7c,EVT-ec3cf230bbe22105,EVT-46193dcf8c5072dd",2026-09-12T18:20:00Z,2026-09-12T18:18:07Z
CASE-90cf1c46e599bdb0,indeterminate,unknown,unknown,,unknown,,unknown,10,EVT-ead19b13cf73ebc8,2026-09-12T18:20:00Z,2026-09-12T18:18:07Z
CASE-4075638c71020af0,malicious,rag_corpus,DOC-254ae444ca-C1,"EVT-4b7a06ee7a652e24,EVT-b18b8d7e2797a253,EVT-e164696a37d292c1,EVT-459a2484ada0ab15",completed,record_16,no,85,"EVT-4b7a06ee7a652e24,EVT-b18b8d7e2797a253,EVT-e164696a37d292c1,EVT-459a2484ada0ab15",2026-09-12T18:20:00Z,2026-09-12T18:18:07Z
CASE-3805bdc841019da8,benign,none,,,unknown,,unknown,80,"EVT-a4957681855bcb2f,EVT-f26e7a5fb1e2ced9,EVT-e7b5a3158479cfcd",2026-09-12T18:20:00Z,2026-09-12T18:18:07Z
CASE-7059a437a7b6627e,indeterminate,unknown,unknown,,unknown,,unknown,25,"EVT-9742ed7402b70754,EVT-db2b0adcf2ce0aab",2026-09-12T18:20:00Z,2026-09-12T18:18:07Z
CASE-79b94c5c2b9c75ab,indeterminate,unknown,unknown,,unknown,,unknown,10,EVT-084bf03dd7d0193e,2026-09-12T18:20:00Z,2026-09-12T18:18:07Z
CASE-53074d681c016e04,malicious,rag_corpus,DOC-61de1caa10-C1,"EVT-76743c55e101c5aa,EVT-2bdd180e9b41c412",none,,no,85,"EVT-76743c55e101c5aa,EVT-2bdd180e9b41c412",2026-09-12T18:20:00Z,2026-09-12T18:18:07Z
CASE-2662afea04877259,benign,none,,,completed,record_17,no,60,"EVT-ff8610ec63243e1c,EVT-758b3c6561d364f5,EVT-70e166772e07e87a",2026-09-12T18:20:00Z,2026-09-12T18:18:07Z
CASE-0faa2482861f0f24,malicious,retrieved_document,DOC-358e4f2f1b-C1,"EVT-ba145cdcfe699504,EVT-c9b97eee0b5c5562",none,,no,85,"EVT-ba145cdcfe699504,EVT-c9b97eee0b5c5562",2026-09-12T18:20:00Z,2026-09-12T18:18:07Z
CASE-b6c509e0ab8118cc,malicious,rag_corpus,unknown,"EVT-920db2ea6f604b70,EVT-06e290f0dade62b4",unknown,,unknown,50,"EVT-920db2ea6f604b70,EVT-06e290f0dade62b4",2026-09-12T18:20:00Z,2026-09-12T18:18:07Z
CASE-64addcacf0f517be,malicious,retrieved_document,DOC-14d75ed23a-C1,"EVT-b6f345781413c5b6,EVT-cce0430ae95c4c88",none,,no,85,"EVT-b6f345781413c5b6,EVT-cce0430ae95c4c88",2026-09-12T18:20:00Z,2026-09-12T18:18:07Z
CASE-bfbeaebb3b8a2e3c,malicious,user,EVT-210d61ac1d8c4c50,"EVT-210d61ac1d8c4c50,EVT-dc18b56aa273f22f,EVT-435beeb3c40506c6,EVT-785062fcfbc69beb,EVT-b677976d1aea5264,EVT-1bbad83c54a6c826",completed,record_21,yes,80,"EVT-210d61ac1d8c4c50,EVT-dc18b56aa273f22f,EVT-435beeb3c40506c6,EVT-785062fcfbc69beb,EVT-b677976d1aea5264,EVT-1bbad83c54a6c826",2026-09-12T18:20:00Z,2026-09-12T18:18:07Z
CASE-dda9c20e26ee82b5,indeterminate,unknown,unknown,,unknown,,unknown,10,EVT-b8cb156345350276,2026-09-12T18:20:00Z,2026-09-12T18:18:07Z
CASE-8234b48f10faec01,malicious,rag_corpus,DOC-6b8932f9ac-C1,"EVT-26434b5b6448d75c,EVT-52e4ec5f121738c8,EVT-09d8ec75f960dbb3",unknown,,unknown,70,"EVT-26434b5b6448d75c,EVT-52e4ec5f121738c8,EVT-09d8ec75f960dbb3",2026-09-12T18:20:00Z,2026-09-12T18:18:07Z
CASE-339e1c542ca7e171,malicious,tool_output,TOOL-ad79b7cd3d46edab,"EVT-1a37b05069e671fe,EVT-dfc941d6ae188165,EVT-1eb517fe4ead5410,EVT-dfdc489a60bc0f0b",completed,record_02,no,85,"EVT-7a61d365dda24fbb,EVT-1a37b05069e671fe,EVT-dfc941d6ae188165,EVT-1eb517fe4ead5410,EVT-dfdc489a60bc0f0b",2026-09-12T18:20:00Z,2026-09-12T18:18:07Z
CASE-97e7dd0632a3689c,malicious,user,EVT-da3ce2fab734aac8,"EVT-da3ce2fab734aac8,EVT-af9576aa0d7ae63a,EVT-aef87153c9f9850f,EVT-7d28ce85720700a8",completed,record_09,no,80,"EVT-da3ce2fab734aac8,EVT-af9576aa0d7ae63a,EVT-aef87153c9f9850f,EVT-7d28ce85720700a8",2026-09-12T18:20:00Z,2026-09-12T18:18:07Z
CASE-2cdfcf8ce529f48c,indeterminate,unknown,unknown,,unknown,,unknown,10,EVT-a86bd0755c8ee531,2026-09-12T18:20:00Z,2026-09-12T18:18:07Z
CASE-37356fa65f931965,malicious,tool_output,TOOL-85eca9225c04367a,"EVT-130b9077f1db5a33,EVT-b2b70c674c95aff5,EVT-08f4821230fc8c62,EVT-05068ad06b5edbd4,EVT-7298994b77861d2e",completed,record_10,no,85,"EVT-537a1b9e7957bab8,EVT-130b9077f1db5a33,EVT-b2b70c674c95aff5,EVT-08f4821230fc8c62,EVT-05068ad06b5edbd4,EVT-7298994b77861d2e",2026-09-12T18:20:00Z,2026-09-12T18:18:07Z
CASE-2c971e6e1d46e835,indeterminate,unknown,unknown,,unknown,,unknown,25,EVT-f5dbfda7a7c06332,2026-09-12T18:20:00Z,2026-09-12T18:18:07Z
CASE-98f26137ec5c7703,malicious,rag_corpus,DOC-965f8c1c87-C1,"EVT-a0945e3b546f5e52,EVT-c8fbc4b1ab175143,EVT-a8e6bf6f3614fdc5",unknown,,unknown,70,"EVT-a0945e3b546f5e52,EVT-c8fbc4b1ab175143,EVT-a8e6bf6f3614fdc5",2026-09-12T18:20:00Z,2026-09-12T18:18:07Z
CASE-541b7c90773a918c,indeterminate,unknown,unknown,,unknown,,unknown,25,EVT-767e35e2bf6da3bd,2026-09-12T18:20:00Z,2026-09-12T18:18:07Z
CASE-25ad80c6f5319aab,benign,none,,,none,,no,80,"EVT-dc4d88feab952ad3,EVT-39c2524ff2f41cfa",2026-09-12T18:20:00Z,2026-09-12T18:18:07Z
CASE-6348eebc8ac14f49,benign,none,,,none,,no,80,"EVT-f44b59060e9e69e6,EVT-0698277a9492fc2f",2026-09-12T18:20:00Z,2026-09-12T18:18:07Z
CASE-1da880eaf0ad5705,malicious,rag_corpus,DOC-0e3db72a1b-C1,"EVT-7253895c624bce46,EVT-47c13ea9a1bd3ed1,EVT-6fb19acc774b00d6,EVT-5a6ea3caea690b0b",completed,record_19,no,85,"EVT-7253895c624bce46,EVT-47c13ea9a1bd3ed1,EVT-6fb19acc774b00d6,EVT-5a6ea3caea690b0b",2026-09-12T18:20:00Z,2026-09-12T18:18:07Z
CASE-7e00483e73db77b1,malicious,user,EVT-15aec0b9c0fea550,"EVT-15aec0b9c0fea550,EVT-abdc287ce4a365bc",none,,no,80,"EVT-15aec0b9c0fea550,EVT-abdc287ce4a365bc",2026-09-12T18:20:00Z,2026-09-12T18:18:07Z
CASE-bef6d7c7c8708a2c,malicious,tool_output,TOOL-55cf6c08b1bb9fe5,"EVT-5f2801e65f404e6f,EVT-b9f70b3b672c17ee,EVT-df4a57c45ea2f348",completed,,no,85,"EVT-b05a824fbc4d1244,EVT-5f2801e65f404e6f,EVT-b9f70b3b672c17ee,EVT-df4a57c45ea2f348",2026-09-12T18:20:00Z,2026-09-12T18:18:07Z
CASE-54beb59ab5e38e88,indeterminate,unknown,unknown,,unknown,,unknown,10,EVT-e2714322cee32628,2026-09-12T18:20:00Z,2026-09-12T18:18:07Z
CASE-04a2db6d7d26db96,indeterminate,unknown,unknown,,unknown,,unknown,25,EVT-8a50a85eea5b5b61,2026-09-12T18:20:00Z,2026-09-12T18:18:07Z
CASE-9798721c0c27cb25,benign,none,,,none,,no,80,"EVT-056312973ef0d09a,EVT-5b50645da287b1cf",2026-09-12T18:20:00Z,2026-09-12T18:18:07Z
CASE-38dffda914859d1e,benign,none,,,completed,,no,60,"EVT-6fe5fb32b0d0dd18,EVT-94f0de32c967bb0a,EVT-e10134a5450b3b4f",2026-09-12T18:20:00Z,2026-09-12T18:18:07Z
CASE-5fddcc9598f82937,indeterminate,unknown,unknown,,unknown,,unknown,10,EVT-7e11fa3669815e6a,2026-09-12T18:20:00Z,2026-09-12T18:18:07Z
CASE-d4d1ee613cd27ec4,benign,none,,,unknown,,unknown,80,"EVT-02d2ca6a677effb7,EVT-ca22e3b076af488d,EVT-6a84a10843ba038e,EVT-54fd983f69e3e264",2026-09-12T18:20:00Z,2026-09-12T18:18:07Z
CASE-bc2c05f4aa252e67,benign,none,,,none,,no,80,"EVT-4f12d017ad5fc6f5,EVT-888a313561bed79e",2026-09-12T18:20:00Z,2026-09-12T18:18:07Z
CASE-d71e65df38c559fe,malicious,user,EVT-0379e30b6f17f877,"EVT-0379e30b6f17f877,EVT-b75cdcedb49611c5,EVT-a6b319acb1b7ca8d",completed,record_04,unknown,80,"EVT-0379e30b6f17f877,EVT-b75cdcedb49611c5,EVT-a6b319acb1b7ca8d",2026-09-12T18:20:00Z,2026-09-12T18:18:07Z
CASE-8ad62ba932c8a249,malicious,rag_corpus,DOC-192b5f07d0-C1,"EVT-26aa30da62b93270,EVT-4f52aee8c871777f,EVT-6195f4b392eee7ed",unknown,,unknown,70,"EVT-26aa30da62b93270,EVT-4f52aee8c871777f,EVT-6195f4b392eee7ed",2026-09-12T18:20:00Z,2026-09-12T18:18:07Z
CASE-ffb9af336f945e66,indeterminate,unknown,unknown,,unknown,,unknown,25,"EVT-ed86846f6dc1b30b,EVT-09913954f16212dd",2026-09-12T18:20:00Z,2026-09-12T18:18:07Z
CASE-13d8c0e7b2167ab3,indeterminate,unknown,unknown,,unknown,,unknown,10,EVT-03bcc85ca2874560,2026-09-12T18:20:00Z,2026-09-12T18:18:07Z
CASE-f75b67c72152aa22,malicious,rag_corpus,DOC-8a8e4dc997-C1,"EVT-4f2090a12b69c65a,EVT-9bc53cdc5f74b29a",none,,no,85,"EVT-4f2090a12b69c65a,EVT-9bc53cdc5f74b29a",2026-09-12T18:20:00Z,2026-09-12T18:18:07Z
CASE-060c452534f30deb,indeterminate,unknown,unknown,,unknown,,unknown,10,EVT-ca4dbc0774df7244,2026-09-12T18:20:00Z,2026-09-12T18:18:07Z
CASE-6c8330bdf2b623a8,benign,none,,,unknown,,unknown,80,"EVT-5ac16b1a3457c705,EVT-2a153183ea5f4fc0,EVT-a0818f80e0d867ad,EVT-1dc030b7d7bff737",2026-09-12T18:20:00Z,2026-09-12T18:18:07Z
CASE-8e3c4d802d8c0e12,malicious,tool_output,TOOL-25dbfd0ef76231dc,"EVT-37bf13933f2c404e,EVT-7fb6e19df5ec5900,EVT-6c4b363659efb22f,EVT-e894f070af4a60db",completed,,no,85,"EVT-5e9d7bdd580deeaf,EVT-37bf13933f2c404e,EVT-7fb6e19df5ec5900,EVT-6c4b363659efb22f,EVT-e894f070af4a60db",2026-09-12T18:20:00Z,2026-09-12T18:18:07Z
CASE-851487c935127433,malicious,user,EVT-27d0895d07c05e3d,"EVT-27d0895d07c05e3d,EVT-5b5d45007a4b3714,EVT-0c5c935f251df49f,EVT-24be782ddc1b62b8,EVT-7fa6d8125b98b6e2,EVT-ffcdc17f0a90d689,EVT-c413fbebda40a628,EVT-d9f6134768b11498,EVT-eed274d76541b28c,EVT-c110acaa268f9709",completed,token_16,yes,65,"EVT-27d0895d07c05e3d,EVT-5b5d45007a4b3714,EVT-0c5c935f251df49f,EVT-24be782ddc1b62b8,EVT-7fa6d8125b98b6e2,EVT-ffcdc17f0a90d689,EVT-c413fbebda40a628,EVT-d9f6134768b11498,EVT-eed274d76541b28c,EVT-c110acaa268f9709",2026-09-12T18:20:00Z,2026-09-12T18:18:07Z
CASE-f75a8c5953489f8f,malicious,user,EVT-53f7c4efc9d6f6f7,"EVT-53f7c4efc9d6f6f7,EVT-9e434672d1142682",none,,no,80,"EVT-53f7c4efc9d6f6f7,EVT-9e434672d1142682",2026-09-12T18:20:00Z,2026-09-12T18:18:07Z
CASE-624c21ed68b11951,malicious,rag_corpus,DOC-40aa213358-C1,"EVT-cf97b062308c2b8c,EVT-1f50904129e7dc0d,EVT-72df09ea7a4d4c2e,EVT-20d46ed2098ef498",completed,record_14,no,85,"EVT-cf97b062308c2b8c,EVT-1f50904129e7dc0d,EVT-72df09ea7a4d4c2e,EVT-20d46ed2098ef498",2026-09-12T18:20:00Z,2026-09-12T18:18:07Z
CASE-cea0393ae4af1a34,indeterminate,unknown,unknown,,unknown,,unknown,10,EVT-8429e5c691808219,2026-09-12T18:20:00Z,2026-09-12T18:18:07Z
CASE-4bf34f4c33986cf9,malicious,rag_corpus,DOC-fc91de8738-C1,"EVT-be815fe78e01cdd9,EVT-3e227076d33210d8",none,,no,85,"EVT-be815fe78e01cdd9,EVT-3e227076d33210d8",2026-09-12T18:20:00Z,2026-09-12T18:18:07Z
CASE-4de8dfc8662d9401,malicious,tool_output,TOOL-bb22db3bf44e2572,"EVT-28693abe1d8ed1fc,EVT-530f1e7f5b2f5428,EVT-47f231335a95d115,EVT-6e2b5400c1517e3b",completed,record_18,no,85,"EVT-fd672d94675368c0,EVT-28693abe1d8ed1fc,EVT-530f1e7f5b2f5428,EVT-47f231335a95d115,EVT-6e2b5400c1517e3b",2026-09-12T18:20:00Z,2026-09-12T18:18:07Z
CASE-8b6b172fe2e82030,malicious,user,EVT-c3c546fdffed4fea,"EVT-c3c546fdffed4fea,EVT-2bc3d271236bb023,EVT-9c9fdc8437d0095d,EVT-b8ba666d51d49657",completed,record_19,unknown,65,"EVT-c3c546fdffed4fea,EVT-2bc3d271236bb023,EVT-9c9fdc8437d0095d,EVT-b8ba666d51d49657",2026-09-12T18:20:00Z,2026-09-12T18:18:07Z
CASE-ca281b4adae8e6f0,indeterminate,unknown,unknown,,unknown,,unknown,10,EVT-87f26286f1d27097,2026-09-12T18:20:00Z,2026-09-12T18:18:07Z
CASE-c93152bf7ca42a1b,malicious,user,EVT-402f977e8b3ce60b,"EVT-402f977e8b3ce60b,EVT-5cf478ef48fbb2ea,EVT-142cb3887095c2c8,EVT-7f617243900eb231",completed,token_05,yes,65,"EVT-402f977e8b3ce60b,EVT-5cf478ef48fbb2ea,EVT-142cb3887095c2c8,EVT-7f617243900eb231",2026-09-12T18:20:00Z,2026-09-12T18:18:07Z
CASE-8acac2b456343ad6,indeterminate,unknown,unknown,,unknown,,unknown,25,EVT-8d25d31e29e82bea,2026-09-12T18:20:00Z,2026-09-12T18:18:07Z
CASE-2877ce4a51fd6f0e,malicious,rag_corpus,unknown,"EVT-001ee3588adf21aa,EVT-1785ded6d72b1055,EVT-a2126b069dc4695e",completed,record_04,no,50,"EVT-001ee3588adf21aa,EVT-1785ded6d72b1055,EVT-a2126b069dc4695e",2026-09-12T18:20:00Z,2026-09-12T18:18:07Z
CASE-fcdf8bafea4b5361,malicious,retrieved_document,DOC-0c6350dd5e-C1,"EVT-adaf10d26166f8e5,EVT-a909952ca943176a",none,,no,85,"EVT-adaf10d26166f8e5,EVT-a909952ca943176a",2026-09-12T18:20:00Z,2026-09-12T18:18:07Z
CASE-6fc28c67d18e7530,indeterminate,unknown,unknown,,unknown,,unknown,10,EVT-266ae529a8c1a67f,2026-09-12T18:20:00Z,2026-09-12T18:18:07Z
CASE-38d153fff6d4aebc,malicious,user,EVT-4912800ab8397017,"EVT-4912800ab8397017,EVT-3098009190a0b6a8,EVT-41f92c0a28783923",completed,record_03,unknown,80,"EVT-4912800ab8397017,EVT-3098009190a0b6a8,EVT-41f92c0a28783923",2026-09-12T18:20:00Z,2026-09-12T18:18:07Z
CASE-9b0bcda730ea0595,malicious,rag_corpus,DOC-31c2730a4d-C1,"EVT-368336eb3e6f2492,EVT-837113d3ce7525af,EVT-328fa3c97899ea62,EVT-5df1c5d82868e28d",completed,record_14,no,85,"EVT-368336eb3e6f2492,EVT-837113d3ce7525af,EVT-328fa3c97899ea62,EVT-5df1c5d82868e28d",2026-09-12T18:20:00Z,2026-09-12T18:18:07Z
CASE-398cb2c5fa6a6a59,malicious,user,EVT-9f4a87b6794e14e8,"EVT-9f4a87b6794e14e8,EVT-fa8ac3cec166da84,EVT-f935080f4e673a3c,EVT-5e4fe13711d2c0dd",attempted,,no,65,"EVT-9f4a87b6794e14e8,EVT-fa8ac3cec166da84,EVT-f935080f4e673a3c,EVT-5e4fe13711d2c0dd",2026-09-12T18:20:00Z,2026-09-12T18:18:07Z
CASE-2918bac64dc181cb,indeterminate,unknown,unknown,,unknown,,unknown,10,EVT-f32ee0b6b3c6b868,2026-09-12T18:20:00Z,2026-09-12T18:18:07Z
CASE-63c6e218080102d6,malicious,user,EVT-5106648c5b1d3398,"EVT-5106648c5b1d3398,EVT-4e17a1655a3037b9",none,,no,80,"EVT-5106648c5b1d3398,EVT-4e17a1655a3037b9",2026-09-12T18:20:00Z,2026-09-12T18:18:07Z
CASE-113c82f5ad9d68f6,malicious,user,EVT-132e670e9974191a,"EVT-132e670e9974191a,EVT-824f723bea94544d,EVT-5be9e0f34c670767,EVT-8e40693d7767d11a",completed,record_12,no,80,"EVT-132e670e9974191a,EVT-824f723bea94544d,EVT-5be9e0f34c670767,EVT-8e40693d7767d11a",2026-09-12T18:20:00Z,2026-09-12T18:18:07Z
CASE-15f05294025a7617,indeterminate,unknown,unknown,,unknown,,unknown,25,EVT-97d1d0446b46beec,2026-09-12T18:20:00Z,2026-09-12T18:18:07Z
CASE-69e9f0ef3346bd67,malicious,rag_corpus,DOC-cb8759db5a-C1,"EVT-8e1e81dba0e536f7,EVT-231958029ed5a5dc,EVT-0823a6603e6eda11",unknown,,unknown,70,"EVT-8e1e81dba0e536f7,EVT-231958029ed5a5dc,EVT-0823a6603e6eda11",2026-09-12T18:20:00Z,2026-09-12T18:18:07Z
CASE-1c516fa4d0d4e3d4,benign,none,,,completed,,no,80,"EVT-b82483208bda4b41,EVT-bec9550b4014bdd9,EVT-37b57a0ef0a32923,EVT-c01ab23f61ca77d8,EVT-b3c811df6a0b1553,EVT-167d17309cedc8fb",2026-09-12T18:20:00Z,2026-09-12T18:18:07Z
CASE-f3cd70599afead7f,malicious,rag_corpus,DOC-3be14503fb-C1,"EVT-dd46d608445044f2,EVT-798aa2fd5c9489a9,EVT-c3f19732fe8cc357",unknown,,unknown,70,"EVT-dd46d608445044f2,EVT-798aa2fd5c9489a9,EVT-c3f19732fe8cc357",2026-09-12T18:20:00Z,2026-09-12T18:18:07Z
CASE-760bec13fc76529f,malicious,rag_corpus,unknown,"EVT-2c1c45baa4a44134,EVT-e64d5855fc78cd96,EVT-b4f23aaad71ab93f",completed,record_03,no,50,"EVT-2c1c45baa4a44134,EVT-e64d5855fc78cd96,EVT-b4f23aaad71ab93f",2026-09-12T18:20:00Z,2026-09-12T18:18:07Z
CASE-d28950647b850be0,indeterminate,unknown,unknown,,unknown,,unknown,10,EVT-6bcfad3296999525,2026-09-12T18:20:00Z,2026-09-12T18:18:07Z
CASE-167430c8803f3f08,benign,none,,,none,,no,80,"EVT-69e237e058e89c59,EVT-a233338450a799e0",2026-09-12T18:20:00Z,2026-09-12T18:18:07Z
CASE-9f75f9ef5e51bf86,malicious,user,EVT-efa673463ff529d1,"EVT-efa673463ff529d1,EVT-c27cf4edf7404152",none,,no,80,"EVT-efa673463ff529d1,EVT-c27cf4edf7404152",2026-09-12T18:20:00Z,2026-09-12T18:18:07Z
CASE-af66202f7d4c67e4,malicious,rag_corpus,DOC-f52cd9ad19-C1,"EVT-2be855151935958a,EVT-a4185ea9251e36a0,EVT-5bc205feb27ba61a",unknown,,unknown,70,"EVT-2be855151935958a,EVT-a4185ea9251e36a0,EVT-5bc205feb27ba61a",2026-09-12T18:20:00Z,2026-09-12T18:18:07Z
CASE-a4250a0b0d722045,indeterminate,unknown,unknown,,unknown,,unknown,25,"EVT-14f6fdcdbe53c3e0,EVT-5411f7eabb9ef526",2026-09-12T18:20:00Z,2026-09-12T18:18:07Z
CASE-75b04ba84342a74f,malicious,rag_corpus,DOC-6033820423-C1,"EVT-7f0b84aa3a6df5b4,EVT-0ec5c162e77ae381,EVT-7578187d64185cf8",unknown,,unknown,70,"EVT-7f0b84aa3a6df5b4,EVT-0ec5c162e77ae381,EVT-7578187d64185cf8",2026-09-12T18:20:00Z,2026-09-12T18:18:07Z
CASE-1740c08847dcf6b5,benign,none,,,completed,,no,80,"EVT-9cd39059e880678f,EVT-43e87b5910f50fbb,EVT-8eca303cdd8a0c73,EVT-81e69ac7968cb433,EVT-d224b71592f1ab4b",2026-09-12T18:20:00Z,2026-09-12T18:18:07Z
